Address,Price,Property_Type,Latitude,Longitude,Bedrooms,Bathrooms,Size
"Chester Road, Erdington, Birmingham","£320,000",Detached,52.5251,-1.810247,3,2,
"Suttons Drive, Great Barr, B43","£7,000,000",Land,52.559566,-1.927841,,,
"Land at Mary Vale Road/Franklin Way, Bournville, Birmingham, B30 2HP","£3,000,000",,52.42634,-1.93486,,,
"MIXED USE SITE WITH PLANNING FOR CONVERSION 47 APARTMENTS, Erdington, Birmingham, B23","£2,699,999",,52.52244,-1.84093,,,
"Bearwood Parade, Bearwood High Street, West Midlands","£2,400,000",Studio,52.4731,-1.96904,,38,
"Wellington Road, Edgbaston","£2,250,000",Detached,52.462935,-1.909706,6,3,
"Kings Close, Kings Norton, Birmingham, West Midlands, B30","£2,000,000",House,52.40808,-1.92499,,,
"Bournbrook Road, Selly Oak, Birmingham, B29 7BU","£1,800,000",House,52.44333,-1.92757,16,16,
"Handsworth Wood Road, Handsworth Wood, Birmingham, B20 2DH","£1,700,000",,52.516373,-1.925288,19,16,
"Heeley Road, Birmingham","£1,700,000",House,52.439765,-1.932093,20,8,
"Harborne Road, Edgbaston","£1,699,950",Semi-Detached,52.469913,-1.92736,6,5,"4,265 sq. ft."
"Almshouses, 1-10 Church Road, Erdington, Birmingham B24","£1,600,000",,52.520611,-1.835519,,,"2,442 sq. ft."
"Orchard House, Truemans Heath Lane","£1,600,000",Detached,52.39266,-1.86741,5,4,
"Hagley Road, Edgbaston, Birmingham, B17 8BJ","£1,500,000",Detached,52.472496,-1.966464,10,,
"Wellington Road, Edgbaston","£1,500,000",Detached,52.46444,-1.90561,4,2,"3,432 sq. ft."
"Woodbourne Road, Harborne, Birmingham, B17 8DD","£1,500,000",Detached,52.470814,-1.957063,7,,
"Pebble Mill Road, Edgbaston","£1,300,000",Detached,52.452486,-1.91311,6,4,
"Hagley Road West, Harborne, Birmingham, B17 8AL","£1,295,000",Detached,52.471294,-1.969748,7,,
"St. Martin''s Place, Birmingham, B15 1DT","£1,287,000",Apartment,52.473548,-1.916461,7,7,
"Concord House, Marshall Street, B1 1LR","£1,250,000",Penthouse,52.473951,-1.903683,3,3,
"Euan Close, Harborne, Birmingham, B17","£1,250,000",Detached,52.469909,-1.955971,5,3,
"Wake Green Road, Birmingham, West Midlands","£1,244,000",Detached,52.435201,-1.856947,4,4,
"Beaufort, Norfolk Road, Edgbaston, Birmingham, B15","£1,200,000",Penthouse,52.46779,-1.943654,3,3,
"Wake Green Road, Moseley, Birmingham, B13","£1,150,000",Detached,52.44328,-1.876944,6,3,
"Hagley Road, Edgbaston, Birmingham, West Midlands, B17 8BJ","£1,150,000",Detached,52.472771,-1.966707,6,,
"Norton Street, Birmingham","£150,000",House,52.493923,-1.92688,3,1,
"Lordswood Road, Birmingham, B17","£1,125,000",Detached,52.471343,-1.96848,6,3,
"Hagley Road West, Birmingham, B17","£1,100,000",Detached,52.46987,-1.97184,5,3,
"Priory Road, Birmingham, B5","£1,100,000",Detached,52.45635,-1.91151,5,3,"2,685 sq. ft."
"Beaufort, Norfolk Road, Edgbaston, Birmingham, B15","£1,100,000",Detached,52.46779,-1.943654,4,3,
"Moorland Road, Edgbaston","£1,100,000",Detached,52.47452,-1.946496,6,3,
"Gilmorton Close, Harborne, Birmingham, B17 8QR","£1,095,000",Detached,52.464108,-1.962187,4,,
"St Pauls House, 21 - 23 St. Pauls Square, Jewellery Quarter","£1,095,000",Penthouse,52.48574,-1.90483,3,2,"1,985 sq. ft."
Water Street,"£1,075,000",Penthouse,52.4852,-1.90291,3,3,"2,310 sq. ft."
"1 - 4 Great Hampton Street, Birmingham, B18 6AQ","£1,049,000",Apartment,52.48907,-1.90747,4,3,"2,300 sq. ft."
"Beaufort, Norfolk Road, Edgbaston, Birmingham, B15","£1,000,000",Apartment,52.46779,-1.943654,2,2,
"Hamstead Hill, Handsworth Wood, Birmingham, B20 1BN","£1,000,000",Detached,52.522282,-1.930642,4,3,
"St Agnes Road, Moseley, Birmingham, B13","£1,000,000",Detached,52.439031,-1.873135,5,1,
"Wake Green Road, Birmingham B13 9PG","£999,999",Detached,52.442101,-1.87635,8,3,
"3 Retail Investments- High Street - £97,500 Rent, Erdington, Birmingham, B23","£999,999",,52.522501,-1.840865,,,
"Wake Green Road, Moseley","£999,999",Detached,52.442821,-1.8746,8,4,
"Knightlow Road , Harborne","£995,000",Detached,52.468422,-1.964107,4,2,
19 Serpentine Road,"£995,000",Detached,52.44413,-1.92551,5,2,"2,859 sq. ft."
"Wythall, Birmingham","£985,000",Detached,52.369244,-1.876585,4,2,
"Viceroy House, Water Street, Birmingham","£975,000",Apartment,52.4852,-1.90291,2,3,
"School Road, Moseley, Birmingham, West Midlands, B13","£975,000",Semi-Detached,52.441562,-1.885822,6,3,
"Aston Bury, Edgbaston","£950,000",Detached,52.467464,-1.942783,5,2,
"Moorcroft Road, Birmingham, West Midlands, B13","£950,000",Detached,52.44726,-1.89755,4,3,
"Groveley Hall, Birmingham Road, Birmingham, B31 4UH","£950,000",Detached,52.386837,-1.960108,4,2,
Pershore Road,"£950,000",House of Multiple Occupation,52.43829,-1.91611,18,6,
"The Copperworks, 5 Sloane Street, Birmingham, B1 3DZ","£595,000",Town House,52.483387,-1.913131,4,4,
"Serpentine Road, Selly Park, Birmingham","£940,000",Detached,52.443591,-1.923805,5,2,"2,606 sq. ft."
Water Street,"£925,000",Penthouse,52.4852,-1.90291,3,3,"1,925 sq. ft."
"Sardon House, Edgbaston","£925,000",Link Detached House,52.462546,-1.904249,4,2,"1,206 sq. ft."
"Westfield Road, Edgbaston, Birmingham","£925,000",Detached,52.4704,-1.94946,5,2,"1,901 sq. ft."
"Yardley Wood Road, Moseley, Bimingham, B13","£910,000",Detached,52.441106,-1.872142,5,3,
"Englestede Close, Birmingham, B20 1BJ","£900,000",Detached,52.520752,-1.928287,4,3,
"Tanners Green Lane, Wythall, Birmingham, Worcestershire, B47","£900,000",Detached,52.368896,-1.877422,4,2,"2,840 sq. ft."
"Gravelly Hill, Erdington","£900,000",Block of Apartments,52.511101,-1.853893,10,6,
"Bournbrook Road, Selly Oak, Birmingham, B29 7BU","£900,000",House,52.44333,-1.92757,8,8,
"Coppice Road, Birmingham","£900,000",House,52.448364,-1.879794,7,7,
"Bournbrook Road, Selly Oak, Birmingham, B29 7BU","£900,000",House,52.44333,-1.92757,8,8,
"Frederick Road, Edgbaston","£895,000",Semi-Detached,52.469325,-1.917844,3,2,
"Moorland Road, Edgbaston, Birmingham","£895,000",Link Detached House,52.47444,-1.94666,6,2,"3,400 sq. ft."
"Ryland Road, Edgbaston","£895,000",Town House,52.467426,-1.908767,5,2,
16 Wellington Road,"£885,000",Semi-Detached,52.464613,-1.905072,4,2,"2,282 sq. ft."
"Cambridge Road, Moseley, Birmingham, B13","£875,000",Semi-Detached,52.437048,-1.885832,4,2,
"Harrisons Road, Edgbaston","£875,000",Detached,52.459949,-1.936345,4,1,
"Beaufort, Norfolk Road, Edgbaston, Birmingham, B15","£875,000",Apartment,52.46779,-1.943654,3,3,
"Ravenhurst Road, Harborne, Birmingham, B17 9SP","£850,000",Semi-Detached,52.460827,-1.953941,4,2,
"Alben Works Legge Lane, Birmingham B1","£850,000",Town House,52.484211,-1.913817,3,3,
"Lee Crescent, Edgbaston, Birmingham, B15","£850,000",Town House,52.469052,-1.909207,4,1,
"Wellington Road, Edgbaston, Birmingham, B15","£850,000",Semi-Detached,52.464202,-1.905131,3,1,"2,446 sq. ft."
"Bushwood Lane, West Midlands, B95","£850,000",Barn Conversion,52.482899,-1.893461,4,4,
"Alben Works, 1+2 Legge Lane","£850,000",Town House,52.4844,-1.91337,3,3,"1,903 sq. ft."
"Apartment 21, Treasure House, Carver Street, B1 3EG","£328,250",Apartment,52.48602,-1.91499,2,2,787 sq. ft.
"Quinton Road, Birmingham","£850,000",House,52.447731,-1.959283,6,6,
"Augustus Road, Edgbaston B15 3LT","£849,950",Detached,52.46895,-1.9346,4,2,"2,233 sq. ft."
"Harborne Park Road, Birmingham","£840,000",House,52.453174,-1.95469,4,2,
"Lake Drive, Tidbury Green","£830,000",Detached,52.38582,-1.85655,4,2,
"Lake Drive, Tidbury Green","£830,000",Detached,52.38582,-1.85655,4,2,
"Water Street, Birmingham","£825,000",Apartment,52.4852,-1.90291,3,3,"1,925 sq. ft."
"Oxford Road, Moseley, Birmingham, West Midlands, B13","£825,000",Semi-Detached,52.443931,-1.883878,10,,
30 Kelmscott Road,"£825,000",Detached,52.466963,-1.964183,4,1,"1,953 sq. ft."
"38 St Pauls Square, Birmingham, B3 1QX","£825,000",Apartment,52.48548,-1.90689,3,2,
"Heeley Road, Birmingham","£825,000",House,52.441242,-1.9342,8,8,
"Rotton Park Road, Birmingham","£800,000",Detached,52.4757,-1.94504,4,1,
"Dark Lane, Wythall","£800,000",Detached,52.392828,-1.905466,4,2,"2,453 sq. ft."
"Chester Road, Boldmere","£800,000",Detached,52.537399,-1.837739,5,,
"Mackenzie Road, Birmingham, B11","£800,000",Detached,52.443105,-1.866234,7,4,
"Victoria Road, Stechford, Birmingham","£800,000",Detached,52.48366,-1.81221,7,5,
"Lea End Lane, Hopwood, Alvechurch, B48 7AX","£799,999",Semi-Detached,52.378223,-1.946376,4,4,"2,691 sq. ft."
"Selly Park Road, Selly Park, Birmingham, B29 7LH","£799,950",Detached,52.442396,-1.922029,5,1,
"Alben Works, Legge Lane, Birmingham B1","£799,950",Town House,52.484211,-1.913817,3,3,
"Alben Works, 1+2 Legge Lane","£799,950",Town House,52.4844,-1.91337,3,3,"1,656 sq. ft."
"Lordswood Road, Harborne, Birmingham, B17 9BP","£795,000",Semi-Detached,52.46425,-1.965528,4,3,
"King Edwards Wharf, Birmingham","£795,000",Apartment,52.47847,-1.91795,3,2,
"Cofton Church Lane, Cofton Hackett, Birmingham, Worcestershire, B45","£795,000",Detached,52.372236,-1.992757,4,3,
"Lea End Lane, Hopwood, Alvechurch","£780,000",Character Property,52.375095,-1.938408,3,3,
"Lea End Lane, Hopwood, Alvechurch","£780,000",Character Property,52.375095,-1.938408,3,3,
"Alcester Street, Birmingham, B12","£92,950",Studio,52.47143,-1.88439,,,
"Vesey Road, Sutton Coldfield, West Midlands","£775,000",Link Detached House,52.548114,-1.826414,6,3,
"Hollywood Drive, Hollywood","£775,000",House,52.395942,-1.879107,5,3,
"Portland Road, Birmingham, B16","£775,000",Semi-Detached,52.47381,-1.94107,5,,
"Houndsfield Lane, Birmingham, B47","£775,000",Detached,52.385104,-1.873879,5,4,
"Grimpits Lane, Birmingham","£775,000",Detached,52.391265,-1.921708,4,1,
"1 - 4 Great Hampton Street, Birmingham, B18 6AQ","£769,000",Apartment,52.48907,-1.90747,2,2,"1,506 sq. ft."
"Goldieslie Road, Boldmere","£760,000",Detached,52.55003,-1.82977,4,1,
"Ethel Road, Harborne, Birmingham, B17 0EL","£755,000",Terraced,52.456818,-1.950075,4,2,
"Yew Tree Road, Edgbaston","£750,000",Semi-Detached,52.469909,-1.912825,5,2,
"Crosbie Road, Harborne, B17","£750,000",House,52.460834,-1.960888,4,1,
"Carisbrooke Road, Edgbaston, Birmingham","£750,000",Detached,52.474689,-1.959504,6,2,
"Hazeley Close, Harborne, Birmingham","£750,000",Detached,52.465007,-1.972381,4,4,
"Stechford Road, Birmingham","£750,000",Semi-Detached,52.495686,-1.805691,7,4,
"Middleton Hall Road, Kings Norton, Birmingham, B30","£750,000",Detached,52.415249,-1.936097,6,2,
"Willow Road Bournville, Birmingham, B30","£750,000",Penthouse,52.434386,-1.933517,3,2,"1,280 sq. ft."
"Symphony Court, Birmingham, West Midlands, B16 8AD","£750,000",House,52.477878,-1.916265,3,2,"1,689 sq. ft."
"Portland Road, Birmingham","£750,000",Semi-Detached,52.47381,-1.94107,5,1,
"Development Opportunity Plot 1 and 2 at 134 Newton Road, B43 6BT","£750,000",Land,52.54446,-1.942965,,,
"Gillhurst Road, Harborne, Birmingham, B17 8PE","£745,000",Semi-Detached,52.466333,-1.955908,4,3,
"St Paul''s Court, 23 St. Paul''s Square, Birmingham","£735,000",Town House,52.485866,-1.905432,3,2,"1,324 sq. ft."
"Belle Walk, Moseley","£730,000",Detached,52.446498,-1.87267,7,5,
"Park Hill Road, Harborne, Birmingham, B17 9HJ","£725,000",Semi-Detached,52.462595,-1.950175,4,2,
"Lonsdale Road, Harborne","£725,000",House,52.459602,-1.957931,4,2,
"Yardley Wood Road, Moseley, Birmingham, B13","£725,000",Detached,52.448885,-1.873094,4,3,
"Selly Wick Drive, Selly Park, Birmingham, B29","£195,000",Apartment,52.44321,-1.917584,2,1,
"Milford Road, Birmingham, B17 9RL","£720,000",Semi-Detached,52.45723,-1.962357,6,,
"Holly Gardens, Birmingham, B20","£715,000",Detached,52.523586,-1.932005,5,3,
"Antrobus Road, Sutton Coldfield","£700,000",House,52.545761,-1.845188,6,4,
"Knightlow Road, Harborne","£700,000",Detached,52.468339,-1.961923,3,1,
"Warstone Lane, Birmingham, West Midlands B18 6NZ","£700,000",House,52.48719,-1.915073,4,2,"1,685 sq. ft."
"Lordswood Road, Harborne","£700,000",Detached,52.46096,-1.96331,4,2,"1,609 sq. ft."
"Chester Road, Castle Bromwich, Birmingham, B36","£700,000",Detached,52.50554,-1.78294,4,2,
"Canal Wharf, 12 Waterfront Walk, Birmingham, West Midlands, B1","£700,000",Flat,52.47541,-1.90765,2,3,
"Keel Drive, Moseley, Birmingham, B13","£700,000",Detached,52.437811,-1.856504,4,2,
"Hubert Road, Birmingham","£700,000",House,52.441196,-1.932438,7,7,
"Dawlish Road, Birmingham","£700,000",House,52.441867,-1.929655,8,8,
"Sherborne Lofts, Grosvenor Street West, B16 8HW","£700,000",Duplex,52.476203,-1.916443,2,3,"1,684 sq. ft."
"Alcester Road, Portway, Birmingham, Warwickshire, B48 7JB","£700,000",Semi-Detached,52.447025,-1.888072,5,,
"Deeley Close, Edgbaston B15","£700,000",Detached,52.46651,-1.91237,4,3,
"Newton Road, Great Barr, Birmingham","£700,000",Detached,52.5447,-1.94094,5,2,
"Newton Road, Great Barr, Birmingham, B43 6AA","£700,000",Detached,52.545482,-1.937013,6,5,"4,420 sq. ft."
"St Johns Wood, Rednal, Birmingham, B45 8DL","£700,000",Detached,52.384434,-2.004657,5,3,
"Bristol Road, Edgbaston, B5","£700,000",House,52.448184,-1.922086,6,2,
"Serpentine Road, Selly Park, Birmingham, B29 7HU","£699,950",Detached,52.44413,-1.92551,6,3,
"Queensway House, 57 Livery Street, B3 1HA","£699,950",Duplex,52.484912,-1.902043,3,3,"2,357 sq. ft."
"Teazel Avenue, Birmingham","£699,000",House,52.425079,-1.944777,5,3,
"Silvermead Road, Sutton Coldfield, B73 5SR","£695,000",Detached,52.54647,-1.832597,4,3,
"Darnick Road, Boldmere","£695,000",Detached,52.55438,-1.85733,5,2,
"Sherborne Lofts, 33 Grosvenor Street West","£695,000",Apartment,52.47676,-1.91692,2,2,"2,362 sq. ft."
"Sherborne Lofts, 33 Grosvenor Street West","£695,000",Apartment,52.47676,-1.91692,2,2,"2,362 sq. ft."
"Blackthorn Close, Bournville, Birmingham, B30","£695,000",Detached,52.42275,-1.95219,4,1,
"Concord House, Birmingham","£695,000",Apartment,52.47397,-1.90367,2,2,"2,070 sq. ft."
"Pavenham Drive, Edgbaston","£695,000",Detached,52.451911,-1.911256,4,2,"2,096 sq. ft."
"Alcester Road, Hollywood, Birmingham","£685,000",Detached,52.398659,-1.88215,4,4,
"Melrose Avenue, Sutton Coldfield","£685,000",Detached,52.551799,-1.848009,4,1,
"The Grange, Handsworth Wood","£680,000",Detached,52.523471,-1.927817,5,4,
"Greenfield Road, Harborne, Birmingham, B17 0EF","£679,950",Terraced,52.457623,-1.948135,4,3,
"Wood Lane, Harborne, Birmingham","£675,000",Link Detached House,52.461101,-1.96754,5,3,
"Boldmere Road, Sutton Coldfield, West Midlands","£675,000",Semi-Detached,52.543598,-1.8398,4,2,
"Ingham Way, Harborne","£675,000",Detached,52.467889,-1.971632,3,3,
"Stonehouse Road, Sutton Coldfield, B73 6LP","£660,000",Detached Bungalow,52.55193,-1.842227,5,2,
"Snow Hill Wharf, Shadwell Street, Birmingham, B4","£655,000",Duplex,52.48412,-1.89585,3,3,"1,367 sq. ft."
"Eastbourne Avenue, Birmingham","£650,000",Semi-Detached,52.495609,-1.809963,6,4,
"Sherborne Lofts, 33 Grosvenor Street West, B16 8HW","£650,000",Apartment,52.476833,-1.916708,2,2,"2,067 sq. ft."
"City Centre, 2552 Sq Ft, Balcony Waterside Fully Furnished","£650,000",Penthouse,52.476819,-1.916833,3,3,"2,552 sq. ft."
"Mayland Road, Edgbaston","£650,000",Land,52.478564,-1.952252,5,,
"Dinmore Avenue, Bournville Village Trust, Northfield, Birmingham, B31","£650,000",Detached,52.415588,-1.962082,4,1,
"Wheelers Lane,Birmingham,B13 0SG","£650,000",Semi-Detached,52.428814,-1.884594,4,4,"2,012 sq. ft."
"Snow Hill Wharf, Shadwell Street, Birmingham, B4","£650,000",Duplex,52.48412,-1.89585,3,3,"1,388 sq. ft."
"Sydenham Place TOWNHOUSE, Tenby Street, Jewellery Quarter, B1 3EE","£649,950",Semi-Detached,52.486175,-1.913693,4,3,"1,815 sq. ft."
"Sydenham Place, 26C Tenby Street , Jewellery Quarter","£649,950",Town House,52.48575,-1.91351,3,2,"1,941 sq. ft."
"Sydenham Place, Tenby Street, Jewellery Quarter, B1","£649,950",Town House,52.486102,-1.914059,4,2,
"Packhorse Lane, Near Wythall","£635,000",Detached Bungalow,52.38955,-1.90224,3,1,
"Margaret Road, Birmingham","£625,000",Terraced,52.45664,-1.95139,5,3,
"Rochester Road, Birmingham","£190,000",End of Terrace,52.41458,-1.97026,3,1,
"Serpentine Road,Selly Park,Birmingham,B29 7HU","£625,000",Detached,52.44413,-1.925307,4,2,
"Alben Works, Legge Lane, Birmingham B1","£625,000",Town House,52.484211,-1.913817,3,2,
"Britwell Road, Sutton Coldfield, B73","£625,000",Detached,52.550022,-1.83687,3,2,
"School Road, Moseley, Birmingham, West Midlands, B13","£625,000",Detached,52.440909,-1.886117,4,1,
"New Street, Castle Bromwich, Birmingham","£625,000",Detached,52.50419,-1.78295,4,2,
"Gillott Road, Birmingham","£625,000",Detached,52.47578,-1.949588,5,,
30 Ryland Road,"£625,000",Town House,52.468061,-1.907915,4,1,"2,098 sq. ft."
"Alben Works, 1+2 Legge Lane","£625,000",Town House,52.4844,-1.91337,3,2,"1,368 sq. ft."
"Northfield Road, Kings Norton, Birmingham, B30","£625,000",Semi-Detached,52.417421,-1.933027,4,2,
"Priory House, Gooch Street North, Birmingham, B5","£625,000",Penthouse,52.472018,-1.897175,3,2,
"Elwyn Road, Sutton Coldfield, B73","£625,000",Detached,52.554703,-1.835171,4,2,
Belmont Row Birmingham B4 7RQ,"£625,000",Apartment,52.48393,-1.88201,2,2,"1,154 sq. ft."
"Welford Road, Sutton Coldfield","£625,000",Detached,52.546925,-1.851017,4,1,
"Mayfield Road, Wylde Green","£610,000",Semi-Detached,52.55084,-1.83316,5,1,
"Mayfield Road, Sutton Coldfield, B73 5QL","£610,000",Semi-Detached,52.55097,-1.833434,5,1,
"Church Lane, Handsworth, Birmingham","£609,000",Semi-Detached,52.51354,-1.92702,7,2,
"Blenheim Road, Birmingham","£600,000",Semi-Detached,52.437881,-1.884096,4,4,
"Chances Street, Edgbaston","£600,000",Detached,52.482069,-1.955833,4,3,
Queens College Chambers,"£600,000",Apartment,52.47873,-1.90366,2,2,"1,700 sq. ft."
"Whitecrest, Birmingham, B43","£600,000",Detached,52.547693,-1.925229,5,3,
"Barnsley Road, Edgbaston","£600,000",Semi-Detached,52.473382,-1.965607,6,2,
"Alcester Road, Moseley, Birmingham","£600,000",Detached,52.441535,-1.892475,4,1,
"Vivian Road, Harborne, Birmingham","£600,000",Semi-Detached,52.4571,-1.95404,3,1,
"Viceroy House, Jewellery Quarter, Birmingham City Centre","£600,000",Apartment,52.485309,-1.902781,2,2,
"East Drive, Edgbaston, Birmingham","£365,000",Town House,52.45383,-1.90872,3,1,"1,274 sq. ft."
"Viceroy House, Jewellery Quarter, Birmingham City Centre","£600,000",Apartment,52.485309,-1.902781,2,2,
"Station Road, Wythall, Birmingham","£600,000",Detached Bungalow,52.37498,-1.876266,4,2,
"Court Oak Road, Harborne","£600,000",Semi-Detached,52.459777,-1.961884,4,1,
"Building Plot off Warren Lane, Lickey, B45 8ER","£600,000",Plot,52.376396,-2.005959,,,
"Botteville Road, Birmingham, B27","£599,950",Semi-Detached,52.44367,-1.82297,6,3,
"Moor Pool Avenue, Birmingham, B17 9HL","£599,950",Semi-Detached,52.462451,-1.951799,4,2,"1,588 sq. ft."
"Petersham Place, Richmond Hill Road, Edgbaston B15 3RY","£599,000",Ground Flat,52.460492,-1.935876,3,3,"1,707 sq. ft."
"Greenfield Road, Harborne, Birmingham, B17 0EP","£595,000",Terraced,52.457264,-1.950333,3,,
"Pear Tree Drive, Great Barr","£595,000",Detached,52.54601,-1.9541,4,2,
"Heathlands Crescent, Sutton Coldfield, B73 5EP","£595,000",Detached,52.54609,-1.841951,4,2,
"Vesey Road, Sutton Coldfield, B73 5NR","£595,000",Semi-Detached,52.54706,-1.829834,3,2,
"St. Johns Road, Harborne, B17","£595,000",Terraced,52.460798,-1.94648,5,2,
"The Copperworks, Birmingham","£595,000",Apartment,52.48602,-1.90969,4,4,"1,453 sq. ft."
"Heathlands Crescent, Boldmere","£595,000",Detached,52.546072,-1.841951,4,1,
"Stirling Road, Birmingham","£595,000",Terraced,52.47327,-1.934371,6,6,
"The Copperworks, 5 Sloane Street, Birmingham, B1 3DZ","£595,000",Town House,52.483387,-1.913131,4,4,
21 Melville Road,"£595,000",End of Terrace,52.473506,-1.949895,5,2,"1,924 sq. ft."
"Moor Green Lane, Birmingham, B13","£595,000",Detached,52.442369,-1.905457,4,1,
"Sandhurst Avenue, Birmingham","£590,000",Semi-Detached,52.4975,-1.81141,6,3,
"Broad Lane,Birmingham,B14 5AL","£585,000",Detached,52.415218,-1.890128,5,2,
"Broughton Works, George Street","£585,000",Apartment,52.48422,-1.90807,3,1,
"Livingstone Road, Birmingham, B14","£580,000",Semi-Detached,52.422962,-1.894837,4,2,
"Darnick Road, Boldmere","£580,000",Detached,52.55231,-1.85778,4,1,
"Redacre Road, Sutton Coldfield, B73","£575,000",Detached,52.549373,-1.842683,4,1,
"Shaftmoor Lane, Hall Green, West Midlands, B28 8SN","£272,995",Terraced,52.44171,-1.84063,2,,
"Windermere Road, Moseley, Birmingham, B13","£575,000",Bungalow,52.44049,-1.86785,3,2,
"Waddington Avenue, Great Barr, Birmingham","£575,000",Detached,52.5438,-1.93947,4,2,
"Britwell Road, Sutton Coldfield","£575,000",Semi-Detached,52.54995,-1.837u,4,2,
"Alcester Road, Moseley, Birmingham, B13","£575,000",Terraced,52.453299,-1.886929,5,3,
"Barnsley Road, Birmingham","£575,000",Semi-Detached,52.474384,-1.965447,6,2,
"Royal Arch Apartments, Wharfside Street, Birmingham B1 1RB","£575,000",Duplex,52.476222,-1.905407,3,2,
"Mulberry Road, Bournville, Birmingham, B30","£575,000",Semi-Detached,52.421494,-1.952594,5,2,
"Waddington Avenue, Great Barr","£575,000",Detached,52.54384,-1.93921,4,2,
"The Copperworks, Birmingham","£575,000",Apartment,52.4853,-1.91764,3,2,"1,379 sq. ft."
"Blenheim Road, Moseley, Birmingham, B13","£575,000",Semi-Detached,52.438284,-1.887094,5,2,
"Middlepark Drive, Birmingham, B31","£575,000",House,52.424613,-1.959133,5,3,
"Coleshill Meadow, Birmingham","£565,000",Detached,52.50331,-1.81081,4,2,
"Oakwood Road, Sutton Coldfield, B73 5EG","£560,000",Semi-Detached,52.54846,-1.847612,4,2,
"Frederick Road, Sutton Coldfield, B73 5QW","£560,000",Semi-Detached,52.55023,-1.83493,4,1,
"St. Paul''s Chambers, 85 Caroline Street, St. Paul''s Square","£560,000",Apartment,52.48562,-1.90734,3,2,"1,345 sq. ft."
"Beaufort Drive, Birmingham","£555,000",Detached,52.4958,-1.81466,4,3,
"Philip Victor Road, Birmingham","£555,000",Link Detached House,52.51219,-1.92997,6,1,
"Fitz Roy Avenue, Harborne B17","£550,000",Detached Bungalow,52.46609,-1.97876,4,2,
"5 x SELF CONTAINED FLATS- Gillott Road, Birmingham, B16","£550,000",Block of Apartments,52.479695,-1.945074,,,
"High Heath Close, Bournville, Birmingham, B30","£550,000",Detached,52.421479,-1.944814,4,2,
"Monksfield Avenue, Birmingham","£550,000",Detached,52.54735,-1.94849,5,1,
"Western Road, Sutton","£550,000",Semi-Detached,52.546875,-1.834824,3,1,
"Walsall Road, Perry Barr, Birmingham","£550,000",Semi-Detached,52.523834,-1.902781,5,3,
Alumrock,"£550,000",Detached,52.48683,-1.8306,4,7,"5,000 sq. ft."
"The Bank, Sheepcote Street, Birmingham B16","£325,000",Flat,52.4759,-1.9138u,2,2,
"Ellesboro Road, Harborne","£550,000",Semi-Detached,52.46681,-1.96227,3,1,"1,534 sq. ft."
"Moor End Lane, Erdington, Birmingham","£550,000",Semi-Detached,52.52437,-1.829102,5,1,
"Southam Road, Hall Green","£550,000",Semi-Detached,52.43714,-1.84947,4,2,
"Poppy Lane, Erdington, Birmingham","£550,000",House,52.528415,-1.819977,5,1,
"Pereira Road, Harborne","£550,000",Semi-Detached,52.464675,-1.952784,4,2,"1,431 sq. ft."
"Sheaf Lane, Birmingham","£550,000",Detached Bungalow,52.45448,-1.78231,5,2,
"Poundley Close, Birmingham","£550,000",Detached,52.5058,-1.77676,4,2,
"Southam Road, Hall Green","£550,000",Semi-Detached,52.43714,-1.84947,5,2,
"Groveley Lane, Cofton Hackett, Birmingham","£550,000",Detached,52.381931,-2.00074,4,4,"2,479 sq. ft."
"Queslett Road, Great Barr, Birmingham","£550,000",Detached,52.545841,-1.924093,4,2,
"Heaton House, Camden Street, Birmingham B1","£550,000",Town House,52.484382,-1.916344,3,2,
"The Copperworks, Birmingham","£550,000",Apartment,52.48602,-1.90969,3,2,"1,569 sq. ft."
"Hinstock Road, Birmingham, B20","£550,000",Detached,52.511761,-1.927594,4,2,
"Water Street, Birmingham","£550,000",Apartment,52.4852,-1.90291,2,2,"1,200 sq. ft."
"Gilchrist Drive, Birmingham","£550,000",Terraced,52.47012,-1.94034,4,1,
"Reservoir Road, Cofton Hackett, B45 8PJ","£550,000",Detached,52.376881,-1.995373,3,2,
"Walsall Road, Perry Barr, Birmingham","£550,000",Semi-Detached,52.52521,-1.90504,6,2,
"Boldmere Road, Sutton Coldfield, B73 5LP","£550,000",Detached,52.54027,-1.836973,4,1,
"Umberslade Road, Selly Oak, Birmingham","£550,000",House,52.435577,-1.928258,7,3,
"Wharfside Street, Birmingham","£550,000",Apartment,52.47487,-1.90706,2,2,
"Stockwell Road, Handsworth","£550,000",Detached,52.51561,-1.9388,5,3,
"Southam Road, Hall Green","£550,000",Detached,52.432369,-1.853455,5,2,
"The Whatecroft, Wentworth Road, Harborne, Birmingham, B17 9SY","£550,000",Semi-Detached,52.46153,-1.95856,3,2,
"Boldmere Road, Boldmere","£550,000",Detached,52.54024,-1.83703,4,1,
"Addison Road, Kings Heath, Birmingham","£340,000",Terraced,52.431232,-1.890586,3,1,
"Boldmere Road, Boldmere","£550,000",Detached,52.54024,-1.83703,4,1,
"Fitz Roy Avenue, Birmingham, B17","£550,000",Bungalow,52.466119,-1.978687,4,2,
"33 Alcester Road, Moseley, Birmingham, B13 8AP","£550,000",Semi-Detached,52.452263,-1.888015,6,,
"Blenheim Road, Moseley, Birmingham, B13","£545,000",Semi-Detached,52.438295,-1.887025,4,1,
"Clarence Road, Moseley, Birmingham, B13","£545,000",Terraced,52.439118,-1.881735,5,1,
"Fernwood Road, Sutton Coldfield, B73","£540,000",Detached,52.543655,-1.84875,4,1,
"Haunch Lane, Birmingham, West Midlands, B13","£540,000",Semi-Detached,52.421895,-1.882868,6,2,
"Sheepcote Street, Birmingham, B16","£535,270",Apartment,52.47595,-1.91398,2,1,812 sq. ft.
"The Copperworks, Birmingham","£535,000",Apartment,52.4853,-1.91764,3,2,"1,307 sq. ft."
"Fairholme Road, Birmingham","£535,000",Detached,52.50121,-1.82628,5,3,
"Newton Road, Great Barr, Birmingham","£535,000",Detached,52.543369,-1.953222,4,2,
"Barron Road, Northfield, Birmingham","£535,000",Semi-Detached,52.411231,-1.958951,5,2,
"Shelsley Drive. Moseley, Birmingham","£535,000",Detached,52.440393,-1.873207,4,2,
"Martineau Drive, Harborne, Birmingham","£535,000",House,52.461647,-1.977112,4,2,
"Teazel Avenue, Birmingham","£525,000",House,52.424571,-1.945185,4,1,
"Middle Park Close, Bournville Village Trust, Selly Oak, Birmingham, B29","£525,000",Semi-Detached,52.4343,-1.958062,3,1,
"Walter Cobb Drive, Sutton Coldfield, B73 5QR","£525,000",Semi-Detached,52.54715,-1.833584,7,3,
"Wyemanton Close, Great Barr, Birmingham","£525,000",Detached,52.5447,-1.952739,3,1,
Belmont Row Birmingham B4 7RQ,"£525,000",Apartment,52.48393,-1.88201,2,2,773 sq. ft.
"Middle Park Road, Bournville Village Trust, Selly Oak, Birmingham, B29","£525,000",Semi-Detached,52.431995,-1.953962,3,1,
"Monument Road, Edgbaston, Birmingham","£525,000",Terraced,52.47309,-1.93076,5,1,"2,441 sq. ft."
"Morris Road, Birmingham, B8","£525,000",Semi-Detached,52.495o,-1.82173u,5,2,"1,981 sq. ft."
63-64 Water Street,"£525,000",Apartment,52.4852,-1.90291,2,2,"1,150 sq. ft."
Reliance Works,"£525,000",Apartment,52.48692,-1.90865,2,2,"1,302 sq. ft."
"Weston Road, Bearwood, West Midlands, B67","£275,000",End of Terrace,52.476475,-1.974353,3,2,
"South Road, Hockley, Birmingham, B18","£520,000",Terraced,52.49681,-1.92012,6,4,
"Kingsbury Road, Erdington, Birmingham","£520,000",End of Terrace,52.51302,-1.85084,11,4,
"Yardley Wood Road, Moseley, Birmingham, B13","£520,000",Semi-Detached,52.449593,-1.873093,4,2,
"Comet Works, Birmingham City Centre","£515,000",Apartment,52.487499,-1.89567,2,2,
"Garden House, 190 Harborne Road, Edgbaston","£515,000",Apartment,52.46293,-1.9377,2,2,"1,185 sq. ft."
"Badge Works, Tenby Street, Birmingham, B1 3EE","£515,000",Town House,52.48575,-1.91351,3,2,"1,218 sq. ft."
"Martyn Smith Close, Great Barr, Birmingham","£515,000",Detached,52.547779,-1.95362,4,2,
"East Works Drive, Cofton Hackett, B45 8GX","£514,995",Detached,52.38231,-1.98688,4,,
"Lordswood Road, Birmingham, West Midlands, B17 9BT","£510,000",Semi-Detached,52.4643,-1.96552,3,2,
Reliance Works,"£510,000",Apartment,52.48692,-1.90865,2,2,"1,301 sq. ft."
"The Barker, Shadwell Street, Birmingham","£509,000",Apartment,52.48582,-1.899661,3,2,"1,101 sq. ft."
Belmont Row Birmingham B4 7RQ,"£505,000",Apartment,52.48393,-1.88201,2,2,773 sq. ft.
"The Bank, Birmingham, B15","£501,610",Flat,52.4759,-1.9138u,3,,
"The Bank Tower 2, Sheepcote Street, Birmingham, B15","£501,610",Apartment,52.47568,-1.91383,3,2,
"Wye Cliff Road, Handsworth, Birmingham, B20 3TB","£500,000",Semi-Detached,52.50517,-1.9179,6,4,
"Heaton House, Camden Street, Birmingham B1","£500,000",Town House,52.484382,-1.916344,3,2,
"Jevons Road, Sutton Coldfield, B73 6QH","£500,000",Detached,52.55395,-1.862444,4,2,
"Pickwick Grove, Birmingham","£500,000",Detached,52.441593,-1.86277,6,,"1,977 sq. ft."
"St. Martins Place, 169 Broad Street, Birmingham City Centre","£500,000",Apartment,52.47182,-1.91325,3,2,"1,378 sq. ft."
"Rosedene Drive, Handsworth Wood","£500,000",Detached,52.51462,-1.93158,6,3,
"The Pressworks 40 - 44 Northwood Street, Birmingham","£500,000",House,52.486618,-1.906591,2,2,
"Eastern Road, Sutton Coldfield","£500,000",Semi-Detached,52.54788,-1.830697,4,2,
2F Truemans Heath Lane,"£500,000",Bungalow,52.392351,-1.869766,3,3,
"Beeches Road, BIRMINGHAM","£500,000",Detached Bungalow,52.53619,-1.91519,4,1,
"Hannon Road, Kings Heath","£350,000",Semi-Detached,52.420639,-1.897983,3,1,
2E Truemans Heath Lane,"£500,000",Bungalow,52.392351,-1.869766,3,3,
"Ashmead Rise, Cofton Hackett, Birmingham, Worcestershire, B45","£500,000",Detached,52.378678,-1.996899,5,2,
"South Loop Park, Port Loop, Birmingham","£500,000",Town House,52.481491,-1.928903,4,3,
"Devonshire Road, Handsworth Wood, Birmingham, B20 2PQ","£500,000",Semi-Detached,52.51665,-1.92876,6,1,
"Lelant Grove, Birmingham, West Midlands, B17","£500,000",Semi-Detached,52.457299,-1.96897,4,2,
"The Pressworks, Northwood Street, Jewellery Quarter, Birmingham","£500,000",Mews,52.48566,-1.90866,2,2,
"Buxton Road, Sutton Coldfield, B73 5RS","£500,000",Semi-Detached,52.54274,-1.834247,5,1,
"Broad Lane, Birmingham, B14","£500,000",Detached,52.41453,-1.89116,4,2,
The Pressworks,"£500,000",Mews,52.487o,-1.90674u,2,2,"1,061 sq. ft."
"Clarence Road, Harborne, Birmingham, B17 9LA","£500,000",End of Terrace,52.46173,-1.945613,3,,
"Heeley Road, Selly Oak, Birmingham, B296EJ","£500,000",Terraced,52.44009,-1.93243,6,2,
"Livingstone Road, Kings Heath Birmingham, B14","£500,000",Semi-Detached,52.423656,-1.896298,4,2,
"Middle Park Road, Birmingham, West Midlands, B29 4BE","£500,000",Semi-Detached,52.430602,-1.95128,4,4,"1,800 sq. ft."
"Claines Road, Bournville, Birmingham","£500,000",Semi-Detached,52.417179,-1.952301,3,1,
"Beaufort Drive, Hodge Hill, Birmingham","£500,000",Semi-Detached,52.49588,-1.81392,5,2,
"New Hampton Lofts, 99 Branston Street","£500,000",Apartment,52.489959,-1.909908,2,2,
"Slade Road, Birmingham, B23","£500,000",Semi-Detached,52.51941,-1.8573,10,,
"Orphanage Road, Birmingham","£500,000",Detached,52.52747,-1.83148,4,3,
"St Martins Place, Broad Street, Birmingham, B15","£500,000",Apartment,52.473574,-1.916829,3,2,"1,397 sq. ft."
"Hubert Road, Selly Oak, Birmingham, B29 6ET","£500,000",Terraced,52.44018,-1.93096,6,2,
"Beaufort, Norfolk Road, Edgbaston, Birmingham, B15","£500,000",Mews,52.46779,-1.943654,2,2,
"Bunbury Road, Northfield, Birmingham, B31","£500,000",Detached,52.415076,-1.954883,3,1,
"Jockey Road, Sutton Coldfield, B73","£500,000",Detached,52.548759,-1.853923,4,2,
"Coleshill Road, Birmingham","£500,000",Semi-Detached,52.49588,-1.81392,5,2,
"Birmingham Road,Sutton Coldfield ,B72 1DP","£425,000",Semi-Detached,52.539356,-1.826774,3,1,
"Buxton Road, Sutton Coldfield","£500,000",House,52.542797,-1.83401,5,1,
"Anderton Park Road, Birmingham, B13","£499,999",,52.450216,-1.874233,5,2,
"Groveley Lane, Cofton Hackett, Birmingham, Worcestershire, B45","£499,995",Semi-Detached,52.381877,-1.991646,4,2,
"Broad Street, Birmingham, B16","£499,950",Apartment,52.476425,-1.9146,3,2,"1,207 sq. ft."
"Featherstone Road, Birmingham, West Midlands, B14","£499,950",Semi-Detached,52.425134,-1.894421,4,,
"Sterling House, Caroline Street","£499,950",Apartment,52.48562,-1.90734,3,3,"1,130 sq. ft."
"The Copperworks, Birmingham","£499,000",Apartment,52.48602,-1.90969,3,3,"1,270 sq. ft."
"The Copperworks, Birmingham","£499,000",Apartment,52.4853,-1.91764,3,3,"1,270 sq. ft."
The Copperworks,"£499,000",Town House,52.48449,-1.91352,3,3,"1,270 sq. ft."
"Queslett Road, Great Barr, BIRMINGHAM, B43","£499,000",Detached,52.549017,-1.915346,5,2,
"Martineau Drive, Harborne, Birmingham, B32 2AS","£495,000",Town House,52.462784,-1.97769,4,,
"Reservoir Road, Cofton Hackett, Birmingham, Worcestershire, B45","£495,000",Detached,52.376837,-1.997454,3,1,
"Martineau Drive, Harborne, Birmingham, B32 2AS","£495,000",Town House,52.462784,-1.97769,4,,
"Manor Road North, Edgbaston, Birmingham, B16 9JS","£495,000",Semi-Detached,52.474457,-1.9483,4,,
"239 Alcester Road, Moseley, Birmingham, B13 8PY","£495,000",Detached,52.441536,-1.892475,4,,
"Leach Green Lane, Rednal, Birmingham","£495,000",Detached,52.388916,-2.007529,4,2,"2,704 sq. ft."
"The Copperworks, 3 Sloane Street, Birmingham B1 3DZ","£495,000",Town House,52.483367,-1.913024,3,3,
"Weeford Drive, Birmingham, B20","£495,000",Detached,52.523452,-1.933642,4,1,
"Sandon Road, Birmingham","£495,000",End of Terrace,52.47553,-1.96536,4,4,
"Martineau Gardens, Harborne, Birmingham, B32 2EH","£490,000",Mews,52.462784,-1.97769,4,,
"Birmingham Road,Water Orton,B46 1TL","£490,000",Detached,52.517857,-1.743507,5,2,
"Ashtree Court, Birmingham","£490,000",Detached,52.40512,-1.92279,4,2,
"Grosvenor Road, Harborne, Birmingham","£490,000",Terraced,52.461311,-1.967931,5,2,
"Wharfside Street, BIRMINGHAM","£490,000",Apartment,52.47487,-1.90706,2,2,
"Outmore Road, Birmingham","£270,000",Semi-Detached,52.47641,-1.78176,3,1,
"Wharfside Street, BIRMINGHAM","£490,000",Apartment,52.47487,-1.90706,2,2,
"Bagnell Road, Birmingham, B13","£489,000",Detached,52.42963,-1.88583,4,1,
"The Copperworks, Birmingham","£485,000",Apartment,52.4853,-1.91764,3,2,"1,170 sq. ft."
"Haselor Road, Sutton Coldfield, B73","£485,000",Semi-Detached,52.545714,-1.849037,5,2,
"Painswick Road, Birmingham, B28","£485,000",Semi-Detached,52.42788,-1.84686,5,2,
"Woodchurch Grange, Sutton Coldfield, B73 5GA","£485,000",Detached,52.54041,-1.841576,4,3,
"Oakwood Road, Birmingham, B47","£480,000",Detached,52.388527,-1.883292,4,2,
The Pressworks,"£480,000",Apartment,52.487o,-1.90674u,2,2,"1,113 sq. ft."
"Photographic Works, 37-55 Camden Street, Birmingham, B1","£479,000",Duplex,52.482846,-1.912942,3,2,
"Priory House, Gooch Street North","£477,500",Apartment,52.47117,-1.89647,2,2,
"Harrow Road, Birmingham","£475,000",House,52.445865,-1.93082,5,2,
"Dalkeith Road, Sutton Coldfield, B73 6PW","£475,000",Semi-Detached,52.55121,-1.852945,3,1,
"Mulberry Road, Bournville, Birmingham","£475,000",Semi-Detached,52.421287,-1.949873,3,1,
"May Lane, Kings Heath, Birmingham, B14","£475,000",Detached,52.420563,-1.886777,3,1,
"Castle Hills Drive, Castle Bromwich, Birmingham, B36","£475,000",Detached,52.503752,-1.791756,4,1,
"Hole Lane, Bournville Village Trust, Northfield, Birmingham, B31","£475,000",Semi-Detached,52.416075,-1.954819,3,1,
"Parkfield Drive, Castle Bromwich","£475,000",Detached,52.51181,-1.76877,5,2,
"Stanmore Road, Edgbaston, Birmingham","£475,000",Semi-Detached,52.477966,-1.950589,3,2,
"Falstone Road, Sutton Coldfield","£475,000",Semi-Detached,52.55123,-1.85513,3,1,
"Court Oak Road, Birmingham","£475,000",House,52.459915,-1.962954,3,3,
"Northfield Road, Kings Norton / Bournville, Birmingham","£475,000",Semi-Detached,52.416175,-1.946955,3,2,
"Alcester Road South, Kings Heath, Birmingham, B14","£475,000",Detached,52.417702,-1.891357,3,1,
"Linden Road, Bournville, Birmingham","£475,000",Semi-Detached,52.431648,-1.93706,3,2,
"Harborne Park Road, Harborne","£475,000",Detached Bungalow,52.453286,-1.953983,3,1,
"Garnet Avenue, Great Barr, Birmingham B43 7RJ","£295,000",Semi-Detached,52.557388,-1.913728,3,1,
"Parkfield Drive, Birmingham","£475,000",Detached,52.51181,-1.76877,5,2,
"Alcester Road South, Birmingham, West Midlands, B14","£475,000",Semi-Detached,52.424349,-1.892721,4,1,
"Foxfield, Northfield, Birmingham","£475,000",House,52.417697,-1.975694,4,2,
"Shawhurst Lane, Birmingham, B47","£475,000",Semi-Detached,52.390758,-1.877126,5,4,
"New Road, Water Orton, Birmingham","£475,000",Detached,52.517448,-1.737608,4,1,
"Chester Road, Sutton Coldfield","£475,000",Semi-Detached,52.5416,-1.84543,4,2,
"King Edwards Wharf, 25 Sheepcote Street, B16 8AT","£470,000",Apartment,52.47847,-1.91795,2,2,"1,272 sq. ft."
"East Works Drive, Cofton Hackett, B45 8GX","£469,995",Detached,52.38231,-1.98688,4,,
"Bibsworth Avenue, Moseley, Birmingham, B13","£469,950",Detached,52.432811,-1.859871,6,3,
"B4 Fully Managed Apartments, Birmingham","£469,000",Apartment,52.48789,-1.89481,3,2,
"B4 Fully Managed Apartments, Birmingham","£467,950",Apartment,52.48789,-1.89481,3,2,
"B4 Fully Managed Apartments, Birmingham","£465,500",Apartment,52.48789,-1.89481,3,2,
"Beacon Hill, Rednal, Birmingham, B45 9QP","£465,000",Detached,52.388351,-2.018822,4,2,
"Sherlock Street, Birmingham","£465,000",House,52.4683,-1.89618,3,3,
"South Loop Green, Edgbaston","£465,000",Town House,52.4827,-1.92751,4,2,"1,537 sq. ft."
"B4 Apartments, Birmingham","£465,000",Apartment,52.48789,-1.89481,3,2,
"Heath Road South, Bournville Village Trust, Northfield, Birmingham, B31","£465,000",Semi-Detached,52.416189,-1.963127,4,1,
"Dyas Avenue, Great Barr, Birmingham, B42 1HL","£460,000",Terraced,52.536144,-1.928129,7,2,
"Marshall Street, Birmingham, West Midlands, B1","£460,000",Flat,52.473949,-1.903963,2,2,
"The Copperworks, Birmingham","£460,000",Apartment,52.4853,-1.91764,3,2,"1,145 sq. ft."
"Priory House Lofts, Gooch Street North, Birmingham, B5","£460,000",Duplex,52.472018,-1.897175,3,2,
"The Copperworks, Birmingham","£460,000",Apartment,52.4853,-1.91764,3,2,"1,145 sq. ft."
The Copperworks,"£460,000",Town House,52.48449,-1.91352,3,2,"1,150 sq. ft."
"Somerdale Road, Bournville Village Trust, Northfield, Birmingham, B31","£460,000",Semi-Detached,52.41765,-1.949991,3,1,
"Garnet Avenue, Great Barr, Birmingham B43 7RJ","£295,000",Semi-Detached,52.557388,-1.913728,3,1,
"B1 City Centre, Birmingham","£460,000",Apartment,52.48341,-1.91146,3,3,
"Shadwell Street, Birmingham, B4","£457,500",Flat,52.48709,-1.89717,4,,903 sq. ft.
"B4 Apartments, Birmingham","£455,700",Apartment,52.48789,-1.89481,3,3,
"North Gate, Birmingham","£455,000",End of Terrace,52.463882,-1.955487,3,1,
"Birmingham, B4","£452,500",Flat,52.48709,-1.89717,3,,903 sq. ft.
"Westridge Road,Birmingham,B13 0EB","£450,000",Semi-Detached,52.423794,-1.862211,5,2,"1,883 sq. ft."
"Warwards Lane, Birmingham","£450,000",Semi-Detached,52.436973,-1.925194,8,3,
"Markham Road, Sutton Coldfield, B73","£450,000",Detached Bungalow,52.555521,-1.86222,3,1,
"Sherborne Wharf, Birmingham","£450,000",Apartment,52.47676,-1.91692,,1,"1,410 sq. ft."
"Stechford Lane, Birmingham","£450,000",Semi-Detached,52.49041,-1.81689,5,2,
"Dale Road, Birmingham","£450,000",House,52.445693,-1.934967,5,2,
"Gibson Road, Birmingham","£450,000",Detached,52.50661,-1.9176,5,2,
"Chestnut Drive, Erdington, Birmingham, B24 0DP","£450,000",Detached,52.524597,-1.820892,3,1,
"Arden Road, Acocks Green, Birmingham, B27","£450,000",Semi-Detached,52.45105,-1.82912,6,3,
"Green Meadow Road, Bournville Village Trust, Selly Oak, Birmingham, B29","£450,000",Semi-Detached,52.431638,-1.963596,3,,
"High Street-9.4% Rental Yield -£42,500 Rental Income, Erdington, Birmingham, B23","£450,000",,52.52244,-1.84093,,,
Osborne House,"£450,000",Apartment,52.48476,-1.91116,3,3,"1,334 sq. ft."
"Green Lanes, Wylde Green, Sutton Coldfield","£450,000",House,52.539775,-1.829818,3,,
"High Brow, Harborne, Birmingham, B17 9EW","£450,000",Terraced,52.46385,-1.957093,3,,
"Brookvale Mews, Birmingham","£450,000",House of Multiple Occupation,52.444519,-1.913845,5,3,
"Wheelwright Road, Erdington, Birmingham, B24 8PJ","£450,000",Semi-Detached,52.512154,-1.846979,6,2,
"Hinstock Road, Birmingham","£450,000",Semi-Detached,52.51084,-1.92908,6,2,
"Highbridge Road, Sutton Coldfield, West Midlands, B73","£450,000",Bungalow,52.547206,-1.83736,3,2,
"Halton Road, Sutton Coldfield, B73 6NZ","£450,000",Semi-Detached,52.55365,-1.854957,3,1,
"Lordswood Road, Harborne","£425,000",Semi-Detached,52.461729,-1.963033,3,1,
"Halton Road, Sutton Coldfield, B73 6NZ","£450,000",Semi-Detached,52.55365,-1.854957,3,1,
"May Lane, Kings Heath, Birmingham, B14","£450,000",Detached,52.419441,-1.882994,3,1,
"Beech Road, Harborne, Birmingham, B17 9TD","£450,000",Mews,52.458912,-1.967269,3,,
"Beaumont Road, Bournville, Birmingham, B30","£450,000",Terraced,52.423561,-1.934258,4,2,
"Edward Road, Balsall Heath, Birmingham, B12","£450,000",Terraced,52.457548,-1.891487,,,
"The Lightwell, 61 Cornwall Street, B3 2EE","£450,000",Apartment,52.48241,-1.901904,2,2,"1,033 sq. ft."
"Bournbrook Road, Birmingham, West Midlands, B29","£450,000",Semi-Detached,52.44321,-1.92678,5,3,
"Devereux Close, Birmingham, B36","£450,000",Detached,52.50661,-1.78043,4,1,
"Highbridge Road, Boldmere, Sutton Coldfield, B73 5QU","£450,000",Detached,52.547142,-1.838054,3,2,
"Raddlebarn Road, Birmingham","£450,000",House,52.439109,-1.926917,5,3,
"Holywell Lane, Rednal, Birmingham","£450,000",House,52.390014,-2.030697,7,5,
"Highbridge Road, Sutton Coldfield, West Midlands, B73","£450,000",End of Terrace,52.547206,-1.83736,3,1,
"New Street, Birmingham, B36","£450,000",Semi-Detached,52.504239,-1.78284,4,1,
"Woodland Road, Birmingham, B31","£450,000",Semi-Detached,52.410215,-1.963122,4,2,
"Antrobus Road, Sutton Coldfield, B73 5EN","£450,000",Semi-Detached,52.54646,-1.843278,3,1,
"Moor Pool Avenue, Birmingham","£450,000",House,52.46202,-1.954161,3,1,
"Highbridge Road, Sutton Coldfield, B73 5QU","£450,000",End of Terrace,52.547142,-1.838054,3,1,
"Stirling Road, Sutton Coldfield","£450,000",Semi-Detached,52.54979,-1.85307,3,1,
"Dark Lane, Hollywood","£450,000",Semi-Detached,52.395877,-1.886265,3,1,
"Hubert Road, Birmingham","£450,000",House,52.442916,-1.934108,5,2,
"East Works Drive, Cofton Hackett, B45 8GX","£449,995",Detached,52.38231,-1.98688,3,,
"Sydenham Place, Tenby Street, Jewellery Quarter, B1","£449,950",Penthouse,52.48575,-1.91351,3,2,
"Sydenham Place, 26B Tenby Street , Jewellery Quarter","£449,950",Penthouse,52.48575,-1.91351,3,2,"1,281 sq. ft."
"Sydenham Place, Jewellery Quarter, B1","£449,950",Penthouse,52.486138,-1.913678,2,2,"1,280 sq. ft."
"Badge Works, Tenby Street, Birmingham, B1 3EE","£515,000",Town House,52.48575,-1.91351,3,2,"1,218 sq. ft."
"Regent Place, Birmingham, B1","£449,000",Apartment,52.48602,-1.90969,2,2,
"College Road, Sutton Coldfield, B73","£445,000",Semi-Detached,52.548253,-1.852155,3,2,
"Birmingham Buy to Let Investment, Birmingham","£445,000",Apartment,52.48367,-1.89261,3,2,
"Birmingham Buy to Let Investment, Birmingham","£442,995",Apartment,52.48367,-1.89261,3,2,
"Birmingham Buy to Let Investment, Birmingham","£441,000",Apartment,52.48367,-1.89261,3,3,
"Arden Road, Birmingham, B27","£440,000",Semi-Detached,52.450793,-1.825776,5,1,
"Dunchurch Crescent, Sutton Coldfield","£440,000",Detached Bungalow,52.5554,-1.867179,3,1,
"Laburnum Way, Northfield, Birmingham, B31","£440,000",Detached,52.401157,-1.971613,3,2,
"Hollywood Lane, Hollywood","£440,000",Semi-Detached,52.3942,-1.87475,3,1,
"Edenhall Road, Quinton, Birmingham, West Midlands","£440,000",Link Detached House,52.46028,-2.001554,4,2,
"Anderton Road, Birmingham, B11","£440,000",Terraced,52.461582,-1.868489,6,1,
"Maple Road, Rednal, Birmingham","£439,995",Detached,52.38977,-2.02067,4,3,
"Lordswood Road, Harborne, Birmingham, B17 9BL","£435,000",End of Terrace,52.462814,-1.963924,3,2,
"Chestnut Drive, Erdington, Birmingham, B24 0DN","£435,000",Detached,52.525822,-1.822052,3,1,
Reliance Works,"£435,000",Town House,52.48692,-1.90865,2,2,"1,152 sq. ft."
"1 - 4 Great Hampton Street, Birmingham, B18 6AQ","£409,000",Apartment,52.48907,-1.90747,2,2,805 sq. ft.
"The Royal Arch (Mailbox), Wharfside Street, Birmingham, B1 1RG","£435,000",Penthouse,52.475782,-1.904659,2,2,"1,355 sq. ft."
"Quarry Lane, Birmingham","£435,000",Detached,52.407604,-1.967748,3,1,
"Sherborne Lofts, 33 Grosvenor Street West, Brindley Place","£435,000",Apartment,52.47676,-1.91692,2,2,"1,220 sq. ft."
"Avery Road, Sutton Coldfield","£435,000",Detached,52.5527,-1.862759,4,1,
"Welford Road, Sutton Coldfield, B73 5DP","£435,000",Semi-Detached,52.54646,-1.850024,4,2,
"Barnsley Road, Birmingham","£435,000",Semi-Detached,52.47454,-1.965902,4,2,
"Southam Close, Hall Green","£435,000",Semi-Detached Bungalow,52.43391,-1.85287,4,2,
Treasure House,"£434,349",Duplex,52.48602,-1.91499,3,2,"1,045 sq. ft."
"Apartment 29, Treasure House, Carver Street, B1 3EG","£434,349",Duplex,52.48602,-1.91499,3,2,"1,045 sq. ft."
"Woodleaves, Hollywood","£315,000",Semi-Detached,52.397o,-1.88547u,3,1,
"Leasowes Road, Birmingham","£430,000",House,52.440059,-1.888789,3,2,
"The Quadrant, Sand pitts, B1","£430,000",Flat,52.48232,-1.915121,2,1,
"Madison Avenue, Hodge Hill, Birmingham","£429,950",Semi-Detached,52.498378,-1.811571,3,,
"Cadbury Road, Birmingham, West Midlands, B13","£425,000",End of Terrace,52.449459,-1.874108,5,2,
"Heath Road South, Bournville Village Trust, Northfield, Birmingham, B31","£425,000",Semi-Detached,52.416265,-1.961669,3,1,
"All Saints Road, Kings Heath, Birmingham, West Midlands, B14","£425,000",Semi-Detached,52.431546,-1.894417,4,2,
"Grove Road, Birmingham, B14","£425,000",Semi-Detached,52.426903,-1.901387,3,2,
The Pressworks,"£425,000",Apartment,52.487o,-1.90674u,2,2,861 sq. ft.
"Lordswood Road, Harborne","£425,000",Semi-Detached,52.461729,-1.963033,3,1,
"Hamstead Hall Road,Handsworth Wood,Birmingham,B20 1HT","£425,000",Detached,52.521305,-1.9334,5,1,"1,363 sq. ft."
"Yardley Wood Road, Birmingham, B13","£425,000",Detached,52.449567,-1.873145,6,2,
"Steyning Road , South Yardley","£425,000",Semi-Detached,52.45677,-1.80688,3,1,
"Alcester Drive, Sutton Coldfield, B73 6PY","£425,000",Detached,52.55512,-1.859596,4,1,
"The Pines, Birmingham, B45","£425,000",Detached,52.39971,-2.01365,4,3,
"Fast Pits Road, Birmingham","£425,000",End of Terrace,52.46668,-1.82303,5,3,
"Barrows Lane, Yardley, Birmingham","£425,000",Semi-Detached,52.466869,-1.802118,4,2,
"1 Gabriel Place, Church Road, Birmingham, B15","£425,000",Retirement Property,52.46661,-1.9218,2,2,
"Oaklands Way, Northfield, Birmingham, B31 5EA","£425,000",Detached,52.402393,-2.001161,4,2,
"Old Birmingham Road, Lickey, B45 8ES","£425,000",Semi-Detached,52.37215,-2.015107,3,1,
"Radnor Road, Handsworth","£425,000",Semi-Detached,52.50364,-1.91643,6,2,
"Hillyfields Road, Birmingham, B23","£425,000",Detached,52.523418,-1.866021,5,2,
"Estria Road, Edgbaston, Birmingham, B15","£425,000",House,52.466423,-1.914366,3,2,
"Madison Avenue, Birmingham, West Midlands, B36","£425,000",Semi-Detached,52.49831,-1.81185,5,1,
"Britwell Road, Boldmere","£425,000",Semi-Detached,52.54842,-1.83627,3,1,
"Woodlands Farm Road, Birmingham","£310,000",Semi-Detached,52.524986,-1.796055,3,1,
"Ravenhurst Road, Harborne, Birmingham, B17 9DR","£425,000",Terraced,52.461333,-1.954102,3,1,
"Bull Street, Harborne, Birmingham, B17 0HH","£425,000",Terraced,52.458503,-1.947051,3,2,
"Birmingham Road,Sutton Coldfield ,B72 1DP","£425,000",Semi-Detached,52.539356,-1.826774,3,1,
"New Road, Hollywood, Birmingham","£425,000",Semi-Detached,52.39807,-1.884u,3,1,
"Orchard Road, Birmingham, B24","£425,000",Terraced,52.526155,-1.831225,4,1,
"Addison Road, Kings Heath, Birmingham, B14","£425,000",Terraced,52.43116,-1.88715,5,1,
"Tetley Road, Birmingham","£425,000",Semi-Detached,52.44451,-1.84916,5,1,
"East Works Drive, Cofton Hackett, B45 8GX","£425,000",Semi-Detached,52.38231,-1.98688,4,,
"Northcroft Way, Birmingham, B23","£425,000",Link Detached House,52.521745,-1.854603,5,2,
"Hallot Close, Birmingham, B23 5YW","£425,000",Detached,52.54033,-1.853835,4,3,
"Barnsbury Avenue, Sutton Coldfield","£425,000",Semi-Detached Bungalow,52.53287,-1.82156,4,1,
"Heathfield Road, Kings Heath, Birmingham","£425,000",Terraced,52.434719,-1.889386,4,2,
89 Ravenhurst Road,"£425,000",Terraced,52.461559,-1.954088,3,1,947 sq. ft.
"Station Road, Birmingham, B33","£425,000",Semi-Detached,52.480809,-1.808505,6,4,
"Charlotte Street, Birmingham, West Midlands, B3","£425,000",Flat,52.484168,-1.905891,2,2,
"Citygreens, Sheldon, Birmingham","£422,000",Penthouse,52.45381,-1.788908,3,2,
"Snow Hill Wharf, Shadwell Street, Birmingham, B4","£420,000",Apartment,52.48412,-1.89585,2,2,695 sq. ft.
"Pershore Road, Selly Park, Birmingham, West Midlands, B29","£420,000",Bungalow,52.438629,-1.91656,3,1,
"Greenfield Road, Harborne, Birmingham","£420,000",Apartment,52.45781,-1.94639,3,1,
"Fugelmere Close, Harborne, Birmingham","£420,000",End of Terrace,52.46447,-1.97332,3,1,
"Alcester Drive, Sutton Coldfield, B73 6PY","£415,000",Detached,52.555321,-1.859528,4,1,
"Sandhurst Avenue, Birmingham, West Midlands, B36","£415,000",Semi-Detached,52.498018,-1.814247,3,1,
"1 - 4 Great Hampton Street, Birmingham, B18 6AQ","£415,000",Apartment,52.48907,-1.90747,2,2,834 sq. ft.
"Greenside Road, Erdington","£415,000",Detached,52.52799,-1.82293,3,1,
"Moorcroft Road, Birmingham, West Midlands, B13","£950,000",Detached,52.44726,-1.89755,4,3,
"Snow Hill Wharf, Shadwell Street, Birmingham, B4","£415,000",Apartment,52.48412,-1.89585,2,2,770 sq. ft.
"Coventry Road, Sheldon, Birmingham","£415,000",Semi-Detached,52.451301,-1.766932,4,2,
"Belgravia Close, Edgbaston, B5","£415,000",Terraced,52.464882,-1.89649,3,1,
Reliance Works,"£410,000",Apartment,52.48692,-1.90865,2,2,"1,136 sq. ft."
"Snow Hill Wharf, Shadwell Street, Birmingham, B4","£410,000",Apartment,52.48412,-1.89585,2,2,758 sq. ft.
"1 - 4 Great Hampton Street, Birmingham, B18 6AQ","£410,000",Apartment,52.48907,-1.90747,2,2,836 sq. ft.
"Colomore Building, Snow Hill Wharf, Birmingham, B4","£410,000",Flat,52.48709,-1.89717,2,2,687 sq. ft.
Princip Luxury Apartments,"£410,000",Apartment,52.48709,-1.89717,2,2,693 sq. ft.
"Lickey Coppice, Cofton Hackett, Birmingham, Worcestershire, B45","£410,000",Detached,52.379481,-2.000543,3,2,
"Morjon Drive, Birmingham","£407,000",Semi-Detached,52.54941,-1.93286,4,1,
"1 - 4 Great Hampton Street, Birmingham, B18 6AQ","£405,000",Apartment,52.48907,-1.90747,2,1,747 sq. ft.
"The Regent, Snow Hill Wharf, Shadwell Street, Birmingham, B4","£405,000",Apartment,52.486601,-1.897917,2,2,
"Snow Hill Wharf, Shadewell Street, Birmingham, B4 6LL","£402,500",Apartment,52.48709,-1.89717,2,2,757 sq. ft.
"Yew Tree Avenue, Birmingham, B26","£400,000",Semi-Detached,52.466203,-1.806616,4,3,
"Castle Crescent, Birmingham","£400,000",Detached,52.50688,-1.77896,3,2,
"Springbank Road, Edgbaston","£400,000",Semi-Detached,52.465496,-1.9057,3,2,
"Florence Road, Sutton Coldfield","£400,000",Semi-Detached,52.534698,-1.830379,4,2,
"Hillcrest Road, Birmingham","£400,000",Detached,52.55067,-1.93846,4,2,
"Northfield Road, Harborne, Birmingham","£400,000",End of Terrace,52.453899,-1.966079,4,,
"The Lightwell, Cornwall Street, Birmingham B3","£400,000",Apartment,52.482293,-1.902428,2,2,
"Coventry Road, Sheldon, Birmingham, B26","£400,000",Semi-Detached,52.452069,-1.771673,5,5,
"Shaftmoor Lane, Hall Green, Birmingham","£400,000",Semi-Detached,52.44513,-1.83915,3,3,
"Snow Hill Wharf, Shadwell Street, Birmingham, B4","£400,000",Apartment,52.48412,-1.89585,2,2,866 sq. ft.
"Clapgate Lane, Birmingham","£365,000",Semi-Detached,52.44191,-1.99113,4,2,
"Poplar Avenue, Edgbaston, Birmingham","£400,000",Terraced,52.478664,-1.963084,4,2,
"Common Lane, Sheldon, Birmingham","£400,000",Detached Bungalow,52.45852,-1.78229,4,1,
"Links Road, Birmingham, West Midlands, B14","£400,000",Bungalow,52.400454,-1.881,2,1,
"Robin Hood Lane, Hall Green","£400,000",Terraced,52.4259,-1.85054,4,2,
"Rotton Park Road, Edgbaston, B16 0TF","£400,000",Semi-Detached,52.480873,-1.946472,5,2,
"Bradford Road, Castle Bromwich","£400,000",Bungalow,52.50157,-1.77722,3,1,
"Ipstones Avenue, Birmingham","£400,000",End of Terrace,52.4866,-1.80174,5,2,
"Poundley Close, Birmingham, B36","£400,000",Detached,52.505855,-1.776673,3,2,
"Longleat Avenue, Birmingham, B15 2DF","£400,000",Mews,52.471924,-1.910178,3,,
"St. Peters Close, Water Orton, Birmingham","£400,000",Detached,52.514572,-1.737673,4,1,
"Knipersley Road, Sutton Coldfield","£400,000",Semi-Detached,52.53466,-1.8344,3,1,
"Lickey Coppice, Birmingham","£400,000",Detached,52.379478,-2.000543,3,1,
"Coventry Road, Sheldon, Birmingham, West Midlands","£400,000",Semi-Detached,52.452068,-1.771673,5,5,
"Newman Drive, Cofton Hackett, Birmingham","£400,000",Detached,52.37862,-1.98585,4,1,
"King Edward Road, Moseley, Birmingham","£400,000",Terraced,52.447109,-1.887244,3,2,
"Springbank Road, Edgbaston","£400,000",Semi-Detached,52.46589,-1.905826,3,1,
"Chester Road, Erdington, Birmingham, B24 0BS","£400,000",Semi-Detached,52.529114,-1.817277,3,1,
"40 -44 Northwood Street, Jewellery Quarter, Birmingham","£400,000",Apartment,52.486583,-1.906643,2,2,775 sq. ft.
"Heaton House, Camden Street, Birmingham B1","£400,000",Penthouse,52.484382,-1.916344,2,2,
"Oxford Road, Acocks Green, Birmingham","£400,000",Semi-Detached,52.446498,-1.817479,4,2,
"Peplins Way, Birmingham, B30","£400,000",Detached,52.410769,-1.916858,4,2,
"Central Birmingham Apartment, Birmingham","£400,000",Apartment,52.48789,-1.89599,2,2,
"Frederick Road, Sutton Coldfield, B73 5QN","£400,000",Detached Bungalow,52.54818,-1.832701,2,1,
"St. Annes Close, Handsworth Wood, Birmingham, B20 1BS","£400,000",Detached,52.522606,-1.927989,3,1,
"Alben Works Legge Lane, Birmingham B1","£850,000",Town House,52.484211,-1.913817,3,3,
"Vaughton Street, Birmingham","£400,000",Semi-Detached,52.46847,-1.88985,6,2,
"Queens Road, Yardley, Birmingham","£400,000",Semi-Detached,52.47653,-1.79722,5,2,
"Rednal Hill Lane, Rednal, Birmingham, Worcestershire, B45","£400,000",Semi-Detached,52.38778,-2.014721,4,1,
"Binley Close, Birmingham, B25","£400,000",Detached,52.45974,-1.81319,4,2,
"Shaftmoor Lane, Hall Green, Birmingham, West Midlands, B28 8SW","£400,000",End of Terrace,52.44513,-1.83915,3,,
"Weston Road, Bearwood, Birmingham, B67 5HH","£399,950",Detached,52.476826,-1.973904,4,,
"Mimosa Close, Selly Oak, Birmingham, West Midlands, B29 4DA","£399,950",Semi-Detached,52.43149,-1.959876,3,,
"Trinity Road, Birmingham","£399,950",Semi-Detached,52.508419,-1.902263,7,3,
"Grosvenor Road, Harborne, Birmingham, B17 9AN","£399,950",Terraced,52.460536,-1.968123,3,1,
"Weston Road, SMETHWICK","£399,950",Detached,52.47643,-1.97449,4,2,
"Barrows Lane, Yardley, Birmingham","£399,950",Semi-Detached,52.46583,-1.7986,3,1,
"Grove Lane, Handsworth, Birmingham","£399,950",House,52.504852,-1.93282,6,4,
"Ashted Wharf, Glasswater Locks, B4 7RQ","£399,950",Apartment,52.484637,-1.881927,2,2,675 sq. ft.
"Dudley Road, Winson Green, Birmingham, B18 4HL","£399,950",Terraced,52.48622,-1.94208,5,2,
"Moor Pool Avenue, Birmingham","£399,950",House,52.46228,-1.954298,2,1,
"The Smithy, Sheldon, Birmingham","£399,950",Detached,52.45942,-1.78023,4,2,
"Ashted Wharf, Glasswater Locks, Belmont Row, Birmingham B4","£399,950",Apartment,52.48393,-1.88201,2,2,684 sq. ft.
"Scholars Gate, Birmingham, B1","£399,900",Duplex,52.475937,-1.903502,2,3,
"The Lancaster, Snow Hill Wharf, B4 6LJ","£399,500",Apartment,52.4871,-1.89831,2,2,756 sq. ft.
"The Copperworks, Birmingham","£399,000",Apartment,52.4853,-1.91764,2,2,952 sq. ft.
"Regent Place, Birmingham, B1","£399,000",Apartment,52.48602,-1.90969,2,,
"The Copperworks, Camden Street","£399,000",Apartment,52.48449,-1.91352,2,2,952 sq. ft.
"Hurst Street, Birmingham, B5","£398,000",Flat,52.47306,-1.89514,2,2,
"The Copperworks, Flat 1, 48 Camden Street, Birmingham B1 3DP","£397,500",Apartment,52.483367,-1.913024,2,2,
"Alcester Street, Birmingham, B12","£92,950",Studio,52.47143,-1.88439,,,
"The Copperworks, Birmingham","£397,500",Apartment,52.48602,-1.90969,2,2,"1,065 sq. ft."
"The Copperworks, Camden Street","£397,500",Apartment,52.48449,-1.91352,2,2,"1,065 sq. ft."
"Denewood Avenue, Handsworth Wood, West Midlands, B20","£395,000",Semi-Detached,52.514809,-1.920559,5,2,
"Springfield Road, Moseley","£395,000",Semi-Detached,52.442531,-1.858803,4,1,
"Coventry Road, Birmingham, B26","£395,000",Semi-Detached,52.459655,-1.80072,4,1,
"Snow Hill Wharf, Shadewell Street, Birmingham, B4 6LL","£395,000",Apartment,52.48709,-1.89717,2,2,757 sq. ft.
"Mill Close, Hollywood, Birmingham","£395,000",Bungalow,52.393283,-1.882216,4,2,
"Bell Lane, Birmingham, B33","£395,000",Detached Bungalow,52.473515,-1.761188,2,1,
"Birmingham Road, Great Barr, Birmingham B43 6NX","£395,000",Detached,52.548592,-1.935025,4,1,
"South Street, Birmingham, West Midlands, B17 0DB","£395,000",Terraced,52.458358,-1.948177,2,1,101 sq. ft.
"Pale Lane, Birmingham","£395,000",End of Terrace,52.46951,-1.97243,3,1,
"Great Charles Street Queensway, Birmingham","£395,000",Apartment,52.48161,-1.90513,2,2,785 sq. ft.
"Mary Vale Road, Bournville, Birmingham, B30","£395,000",Terraced,52.425989,-1.927861,4,2,
"Kingsbury Road, Erdington, Birmingham, B24 8QY","£395,000",Semi-Detached,52.515671,-1.841161,4,1,
"School Road, Moseley, Birmingham, West Midlands, B13","£395,000",End of Terrace,52.437328,-1.888225,3,1,
The Pressworks,"£395,000",Apartment,52.487o,-1.90674u,2,2,787 sq. ft.
"Walsall Road, Birmingham, B42","£395,000",Semi-Detached,52.531549,-1.914481,4,2,
"Avro Street, Cofton Hackett, Birmingham","£390,000",Semi-Detached,52.37781,-1.98512,4,1,
"58 Beeches Drive, Birmingham, B24 0DT","£390,000",Semi-Detached,52.526402,-1.818197,3,1,
"St. Denis Road, Birmingham, West Midlands, B29","£390,000",Semi-Detached,52.425715,-1.966456,4,1,
"Coopers Road, Handsworth Wood, Birmingham, B20 2JS","£390,000",Semi-Detached,52.520241,-1.925267,5,2,
"Waterloo Road, Birmingham","£390,000",Apartment,52.461013,-1.823501,3,2,
"The Regent, Snow Hill Wharf, Shadwell Street, Birmingham, B4","£390,000",Apartment,52.48709,-1.89717,2,2,
"Dawlish Road, Birmingham","£390,000",House,52.444686,-1.931697,4,1,
"Petersham Place, Richmond Hill Road, Edgbaston B15 3RY","£599,000",Ground Flat,52.460492,-1.935876,3,3,"1,707 sq. ft."
"Rotton Park Road, Edgbaston","£390,000",Semi-Detached,52.479209,-1.947073,6,3,
"Priory House, Gooch Street North","£390,000",Apartment,52.47117,-1.89647,2,2,
"Chantry Close, Hollywood","£390,000",Detached Bungalow,52.392654,-1.882787,4,1,
"Chapel Rise, Rednal , Birmingham. B45 9SN","£390,000",Detached,52.398945,-2.01261,4,2,
"Hazel Road, Rubery","£390,000",Bungalow,52.387909,-2.021408,2,1,
"Avro Street, Cofton Hackett, Birmingham, B45","£390,000",House,52.37781,-1.98512,4,2,
"Victoria Works, Birmingham","£390,000",Apartment,52.48476,-1.91116,2,2,
"Shaftmoor Lane, Hall Green, West Midlands, B28 8SN","£389,995",Semi-Detached,52.44171,-1.84063,4,,
"Madison Walk, Birmingham, B15","£385,000",Terraced,52.4683,-1.90413,3,3,
"Chester Road, Erdington","£385,000",Detached,52.53024,-1.8238,3,2,
"Queens Road, Birmingham, B26","£385,000",Semi-Detached,52.474986,-1.798061,3,2,
"The Quadrant, Sand Pits","£385,000",Apartment,52.48225,-1.91514,2,1,
"The Pressworks, Northwood Street, Jewellery Quarter, Birmingham","£385,000",Apartment,52.48566,-1.90866,2,2,
"West Avenue, Handsworth, Birmingham","£385,000",Semi-Detached,52.52244,-1.92612,3,1,
"Arlen Drive, Great Barr, Birmingham","£385,000",Detached Bungalow,52.544361,-1.947047,2,1,
"Verbena Road, Bournville Village Trust, Northfield, Birmingham, B31","£385,000",Semi-Detached,52.423251,-1.974501,4,2,
"B1 City Centre, Birmingham","£385,000",Apartment,52.48341,-1.91146,2,2,
"West Avenue, Handsworth Wood","£385,000",Semi-Detached,52.52244,-1.92612,3,1,
"Apartment 25, Treasure House, Carver Street, B1 3EG","£383,824",Duplex,52.48602,-1.91499,2,2,"1,044 sq. ft."
"Snow Hill Wharf, Shadwell Street, Birmingham, B4 6LJ","£382,500",Apartment,52.48709,-1.89717,2,2,851 sq. ft.
"Snow Hill Wharf, Shadewell Street, Birmingham, B4 6LJ","£382,500",Apartment,52.48709,-1.89717,2,2,851 sq. ft.
"B4 Fully Managed Apartments, Birmingham","£381,000",Apartment,52.48789,-1.89481,2,2,
"Alexander Road, Birmingham, B27","£380,000",Terraced,52.452602,-1.826395,5,2,
"Groveley Lane, Birmingham, B31","£380,000",Semi-Detached,52.3877,-1.98218,4,3,
"Tower One, Sheepcote Street, B16","£187,000",Apartment,52.47613,-1.91412,1,1,
"Groveley Lane, Birmingham, B31","£380,000",Semi-Detached,52.3877,-1.98218,4,3,
"Katie Road, Birmingham, B29","£380,000",End of Terrace,52.43821,-1.9392,4,2,"1,184 sq. ft."
"Hamstead Road, Hockley","£380,000",Terraced,52.49969,-1.91864,6,2,
"Ascot Way, Longbridge, Birmingham","£380,000",End of Terrace,52.391594,-1.985326,4,3,
"Douglas Avenue, Birmingham","£380,000",Detached,52.49714,-1.81407,3,1,
"Sycamore Road, Erdington, Birmingham, B23 5QP.","£380,000",Detached,52.539669,-1.845468,3,3,
"Brandwood Road, Kings Heath","£380,000",Semi-Detached,52.420906,-1.899204,4,1,
"Lawrence Walk, Great Barr, Birmingham, B43 7TU","£380,000",Detached,52.56043,-1.900629,5,1,
"Booths Farm Close, Great Barr, Birmingham B42 2DY","£380,000",Detached,52.544399,-1.911557,3,2,
"Wharfside Street, Birmingham","£380,000",Apartment,52.475925,-1.905804,2,2,
"City Road, Birmingham","£380,000",Semi-Detached,52.48559,-1.94208,4,2,
"King Edwards Wharf, Sheepcote Street B16","£380,000",Apartment,52.47874,-1.91957,2,2,841 sq. ft.
"Jill Avenue, Great Barr, Birmingham B43 6DH","£380,000",Detached Bungalow,52.544121,-1.953685,3,2,
"Fox Hollies Road, Hall Green","£380,000",Semi-Detached,52.43093,-1.84155,3,2,
"Westridge Road, Birmingham","£380,000",Semi-Detached,52.42772,-1.86451,4,2,
"Lawrence Walk, Birmingham","£380,000",Detached,52.56063,-1.90068,5,1,
"Meadow Brook Road, Birmingham, B31","£379,999",Semi-Detached,52.42233,-1.970187,4,1,
"The Lightwell, Cornwall Street","£379,950",Apartment,52.48233,-1.90233,2,1,
"B1 City Centre, Birmingham","£379,950",Apartment,52.48341,-1.91146,2,2,
"B4 Fully Managed Apartments, Birmingham","£379,500",Apartment,52.48789,-1.89481,2,1,
"Windmill Street, Birmingham, B1","£378,700",Apartment,52.4737,-1.9025u,2,,
"The Axium, Windmill Street, Birmingham","£376,000",Flat,52.473869,-1.901364,2,2,
"Fairway Drive, Rednal, Birmingham, Worcestershire, B45","£375,000",Semi-Detached,52.386162,-2.016867,3,1,
"Beetham Tower, 10 Holloway Circus Queensway, Birmingham, B1 1BY","£375,000",Apartment,52.4754,-1.90028,3,2,"1,250 sq. ft."
"Marine Drive, Great Barr, Birmingham, B44","£275,000",Bungalow,52.531134,-1.893761,2,1,
"Poplar Avenue, Edgbaston, Birmingham, West Midlands, B17","£375,000",Detached,52.476362,-1.965693,4,1,
"Vicarage Road, Kings Heath, Birmingham, West Midlands, B14","£375,000",Link Detached House,52.430177,-1.898867,3,1,
"Measham Grove, Birmingham, B26","£375,000",Semi-Detached,52.455042,-1.806337,5,2,
"Malvern Road, Lickey, B45 8EX","£375,000",Bungalow,52.371559,-2.014879,2,1,833 sq. ft.
"Colebourne Road, Birmingham, B13","£375,000",Semi-Detached,52.42457,-1.86069,4,1,
"Radstock Avenue, Birmingham","£375,000",Semi-Detached,52.49985,-1.82127,3,1,
"Chains Court, Audley St George''s Place","£375,000",Apartment,52.46661,-1.9218,2,2,
"Vicarage Road, Kings Heath, Birmingham","£375,000",Terraced,52.431488,-1.896772,3,1,
"Montague Road, Smethwick","£375,000",Detached,52.48613,-1.95519,4,1,
"The Copperworks, Birmingham","£375,000",Apartment,52.4844,-1.90969,2,2,925 sq. ft.
"Carless Avenue, Birmingham","£375,000",Town House,52.463035,-1.957635,2,1,
"Waddington Avenue, Great Barr, Birmingham","£375,000",Semi-Detached,52.544395,-1.940354,5,1,
"Heeley Road, Birmingham","£375,000",House,52.43753,-1.930224,4,1,
"Hunstanton Avenue, Birmingham, B17","£375,000",Terraced,52.468179,-1.97257,3,1,
"Hunton Road, Birmingham, B23","£375,000",Semi-Detached,52.51796,-1.852u,5,3,
"Berwood Farm Road, Sutton Coldfield","£375,000",Semi-Detached Bungalow,52.533451,-1.821406,3,1,
"King Edwards Wharf, 25 Sheepcote Street","£375,000",Apartment,52.47847,-1.91795,2,2,
"Kingfisher Close, Birmingham, West Midlands, B26","£375,000",Detached,52.460632,-1.791133,4,2,
"St Martins Place, Broad Street B15","£375,000",Apartment,52.47344,-1.91663,2,,755 sq. ft.
"The Circle, Harborne","£375,000",Terraced,52.463039,-1.956544,2,1,
"Paradise Lane, Birmingham","£375,000",Detached,52.42537,-1.85334,3,1,
"Tennal Road, Harborne, Birmingham","£375,000",Semi-Detached,52.4589,-1.97582,3,1,
"The Mailbox, Wharfside Street, Birmingham, B1","£375,000",Flat,52.475927,-1.905378,2,2,
"Wheelwright Road, Birmingham","£375,000",End of Terrace,52.5131,-1.84863,4,3,
"Clapgate Lane, Birmingham","£365,000",Semi-Detached,52.44191,-1.99113,4,2,
"Poplar Avenue, Edgbaston, Birmingham, West Midlands, B17","£375,000",Semi-Detached,52.476868,-1.964453,4,,
"Mariner Avenue, Edgbaston, Birmingham","£375,000",Semi-Detached,52.475619,-1.937351,5,4,
"The Copperworks, Birmingham","£375,000",Apartment,52.4853,-1.91764,2,2,925 sq. ft.
"Ridgacre Road, Quinton","£375,000",Detached,52.460704,-1.987921,3,1,
"Wheelwright Road, Erdington, Birmingham, B24 8PA","£375,000",Semi-Detached,52.513012,-1.848332,4,3,
"Longbridge Lane, Birmingham, B31","£375,000",Semi-Detached,52.393814,-1.973275,3,1,
"Laburnum Grove, Moseley, Birmingham, B13","£375,000",Terraced,52.447642,-1.885428,2,2,
"Tenby Street, Birmingham","£375,000",Town House,52.48575,-1.91351,1,2,
"Tenby Street, Birmingham","£375,000",Town House,52.48575,-1.91351,1,2,
"Erdington, B23","£375,000",Town House,52.522241,-1.854371,5,2,
"Cubley Road, Birmingham","£375,000",Detached,52.43822,-1.85227,3,2,
"Chatsworth Avenue, Great Barr, Birmingham","£375,000",Town House,52.546501,-1.952739,4,2,
"St Martins Place, Broad Street B15","£375,000",Apartment,52.47344,-1.91663,2,2,720 sq. ft.
"Wolverhampton Road South, Quinton, Birmingham, West Midlands, B32","£375,000",Semi-Detached,52.463891,-1.983999,3,2,
"Fox Hollies Road, Birmingham, B27","£375,000",Semi-Detached,52.441598,-1.833579,3,2,
"Chatsworth Avenue, Great Barr , Birmingham, B43","£374,950",Semi-Detached,52.547123,-1.951656,4,1,
"Chatsworth Avenue, Great Barr, Birmingham B43 6QL","£374,950",Semi-Detached,52.547108,-1.951662,4,1,
"East Works Drive, Cofton Hackett, B45 8GX","£373,995",Semi-Detached,52.38231,-1.98688,3,,
"B4 Fully Managed Apartments, Birmingham","£373,380",Apartment,52.48789,-1.89481,2,1,
"B1 City Centre, Birmingham","£372,950",Apartment,52.48341,-1.91146,2,2,
"Birchfield Road, Lozells, West Midlands, B19","£370,000",Terraced,52.505749,-1.901762,7,2,
"Central Birmingham Apartment, Birmingham","£370,000",Apartment,52.48789,-1.89599,2,2,
"Wilmington Road,Quinton,Birmingham,B32 1DZ","£370,000",Semi-Detached,52.459885,-2.005004,4,2,
"Wilmington Road, Quinton","£370,000",Semi-Detached,52.46019,-2.004783,4,2,
